"","NAME","GENDER","CITY","type"
"1","Ted955 Reilly981","Male","fitchburg","PROVIDER"
"2","Shane235 Lueilwitz711","Male","worcester","PROVIDER"
"3","Jules135 Emard19","Male","leominster","PROVIDER"
"4","Jarvis643 Ankunding277","Male","fall river","PROVIDER"
"5","Thad495 Leannon79","Male","peabody","PROVIDER"
"6","Bud153 Parisian75","Male","worcester","PROVIDER"
"7","Cherish740 Toy286","Female","leominster","PROVIDER"
"8","María José279 Godínez202","Female","natick","PROVIDER"
"9","Mickey576 Borer986","Female","worcester","PROVIDER"
"10","Cristopher265 Heaney114","Male","taunton","PROVIDER"
"11","Chery887 Kohler843","Female","brighton","PROVIDER"
"12","Harland508 Rippin620","Male","auburndale","PROVIDER"
"13","Margene509 Schamberger479","Female","westford","PROVIDER"
"14","Shasta644 King743","Female","norwood","PROVIDER"
"15","Sparkle906 Bernhard322","Female","hadley","PROVIDER"
"16","Eldon28 Cassin499","Male","westfield","PROVIDER"
"17","Buck819 Johnson679","Male","south hamilton","PROVIDER"
"18","Isiah14 Nikolaus26","Male","east sandwich","PROVIDER"
"19","Harland508 Ryan260","Male","wareham","PROVIDER"
"20","Karla801 Cummerata161","Female","lynn","PROVIDER"
"21","Assunta351 Haley279","Female","new bedford","PROVIDER"
"22","Clemente531 Schamberger479","Male","westwood","PROVIDER"
"23","Zachery872 Pagac496","Male","melrose","PROVIDER"
"24","Alonso270 Hand679","Male","chestnut hill","PROVIDER"
"25","Zachery872 Rau926","Male","walpole","PROVIDER"
"26","Jane262 Schmeler639","Female","somerset","PROVIDER"
"27","Lezlie553 Koss676","Female","gardner","PROVIDER"
"28","Gino587 Block661","Male","natick","PROVIDER"
"29","Janet238 Crooks415","Female","chelsea","PROVIDER"
"30","Sharron285 Batz141","Female","winthrop","PROVIDER"
"31","Shayla126 White193","Female","sandwich","PROVIDER"
"32","King743 Predovic534","Male","w brookfield","PROVIDER"
"33","Josef103 Klein929","Male","dartmouth","PROVIDER"
"34","Logan497 Fisher429","Male","ware","PROVIDER"
"35","Lauretta754 Dare640","Female","northampton","PROVIDER"
"36","Lizette501 Lebsack687","Female","waban","PROVIDER"
"37","Waylon572 Lakin515","Male","woburn","PROVIDER"
"38","Joanna347 Abbott774","Female","peabody","PROVIDER"
"39","Miyoko154 Paucek755","Female","ludlow","PROVIDER"
"40","Lola232 Collado928","Female","needham","PROVIDER"
"41","Valentine262 Corwin846","Male","taunton","PROVIDER"
"42","Estella474 O'Hara248","Female","norton","PROVIDER"
"43","Miguel Ángel46 Delgado712","Male","norwood","PROVIDER"
"44","Mathew182 Howe413","Male","stoneham","PROVIDER"
"45","Cleveland582 Kuphal363","Male","northampton","PROVIDER"
"46","Dale454 Wilderman619","Male","taunton","PROVIDER"
"47","Lauri399 Keebler762","Female","lynn","PROVIDER"
"48","Alberto639 Adame662","Male","saugus","PROVIDER"
"49","Emory494 Schuster709","Male","stoneham","PROVIDER"
"50","Leah288 Sauer652","Female","dorchester","PROVIDER"
"51","Marth98 Mayer370","Female","greenfield","PROVIDER"
"52","Jolynn62 Adams676","Female","foxborough","PROVIDER"
"53","Rebeca548 García15","Female","brockton","PROVIDER"
"54","Shonna561 Feest103","Female","taunton","PROVIDER"
"55","Latrisha74 Rippin620","Female","woburn","PROVIDER"
"56","Calandra120 Hackett68","Female","natick","PROVIDER"
"57","Junior695 Pacocha935","Male","north adams","PROVIDER"
"58","Charles364 Prosacco716","Female","randolph","PROVIDER"
"59","Numbers230 Stehr398","Male","woburn","PROVIDER"
"60","Aubrey96 Emard19","Male","plymouth","PROVIDER"
"61","Orpha286 Marks830","Female","new bedford","PROVIDER"
"62","Junior695 Leffler128","Male","hyannis","PROVIDER"
"63","Ina660 Hermann103","Female","s dartmouth","PROVIDER"
"64","Florencia449 Araña824","Female","stoughton","PROVIDER"
"65","Augustine565 Brekke496","Male","south hamilton","PROVIDER"
"66","Thanh759 Weber641","Male","attleboro","PROVIDER"
"67","Eliana466 Wehner319","Female","somerset","PROVIDER"
"68","Rhett759 Padberg411","Male","rochdale","PROVIDER"
"69","Delicia67 Bernhard322","Female","south yarmouth","PROVIDER"
"70","Clement78 Gleason633","Male","cambridge","PROVIDER"
"71","Carl856 King743","Female","lakeville","PROVIDER"
"72","Shemeka786 Conn188","Female","amherst","PROVIDER"
"73","Hellen346 Roberts511","Female","worcester","PROVIDER"
"74","Chantell995 Krajcik437","Female","boston","PROVIDER"
"75","Salvador46 Wolff180","Male","new bedford","PROVIDER"
"76","Ezra452 Torp761","Male","woburn","PROVIDER"
"77","Monroe732 Mills423","Male","fitchburg","PROVIDER"
"78","Elvera717 Gusikowski974","Female","s yarmouth","PROVIDER"
"79","Enrique929 Caraballo427","Male","leominster","PROVIDER"
"80","Rudolf736 Vandervort697","Male","milton","PROVIDER"
"81","Arturo47 Maldonado119","Male","worcester","PROVIDER"
"82","Mertie42 Lakin515","Female","new bedford","PROVIDER"
"83","Lacy523 Littel644","Male","weymouth","PROVIDER"
"84","Kristin64 Will178","Female","holyoke","PROVIDER"
"85","Janey243 Schoen8","Female","framingham","PROVIDER"
"86","Cristi782 Miller503","Female","sandwich","PROVIDER"
"87","Adán600 Alicea505","Male","centerville","PROVIDER"
"88","Sherwood961 O'Conner199","Male","weymouth","PROVIDER"
"89","Darnell564 Leannon79","Male","waltham","PROVIDER"
"90","Joslyn677 Friesen796","Female","chelmsford","PROVIDER"
"91","Lonnie913 Ferry570","Female","chicopee","PROVIDER"
"92","Edwardo860 Larkin917","Male","lakeville","PROVIDER"
"93","Bryon392 Mann644","Male","westford","PROVIDER"
"94","Laurie826 Pacocha935","Female","randolph","PROVIDER"
"95","Kimbra238 Runolfsdottir785","Female","quincy","PROVIDER"
"96","Soledad678 Calderón210","Female","beverly","PROVIDER"
"97","Antonette454 Tromp100","Female","groton","PROVIDER"
"98","Maurice742 Pollich983","Male","cambridge","PROVIDER"
"99","Ross213 Wisozk929","Male","fairhaven","PROVIDER"
"100","Gordon377 Monahan736","Male","milton","PROVIDER"
"101","Maynard46 Buckridge80","Male","reading","PROVIDER"
"102","Patricia625 Aragón562","Female","westford","PROVIDER"
"103","Sharyl439 Williamson769","Female","wareham","PROVIDER"
"104","Lynsey2 Lemke654","Female","waltham","PROVIDER"
"105","Celestina960 Reichert620","Female","wellesley hills","PROVIDER"
"106","Enriqueta274 Barton704","Female","somerville","PROVIDER"
"107","Majorie11 Bergstrom287","Female","fairhaven","PROVIDER"
"108","Azzie965 Feil794","Female","westfield","PROVIDER"
"109","Anderson154 Kunze215","Male","wellesley","PROVIDER"
"110","Shawn523 Padberg411","Female","attleboro","PROVIDER"
"111","Leo278 Strosin214","Female","holyoke","PROVIDER"
"112","Eddie505 Keeling57","Female","lynn","PROVIDER"
"113","Junior695 Kuhlman484","Male","swansea","PROVIDER"
"114","Rhonda22 Bins636","Female","taunton","PROVIDER"
"115","Columbus656 Koch169","Male","shirley","PROVIDER"
"116","Nilda678 Crona259","Female","worcester","PROVIDER"
"117","Cyrstal592 Mosciski958","Female","attleboro","PROVIDER"
"118","Fidel864 Swift555","Male","reading","PROVIDER"
"119","Heather971 Goldner995","Female","danvers","PROVIDER"
"120","Neville893 Schoen8","Male","waltham","PROVIDER"
"121","Mario764 Aranda843","Male","amherst","PROVIDER"
"122","Kaila152 Dibbert990","Female","westfield","PROVIDER"
"123","Jettie913 Rodriguez71","Female","middleboro","PROVIDER"
"124","Jamel269 Hudson301","Male","south boston","PROVIDER"
"125","Mana631 Boehm581","Female","south boston","PROVIDER"
"126","Fritz267 Kirlin939","Male","natick","PROVIDER"
"127","Vicente970 Armstrong51","Male","stoneham","PROVIDER"
"128","Sherwood961 Aufderhar910","Male","wakefield","PROVIDER"
"129","Kyle55 Collier206","Male","braintree","PROVIDER"
"130","Cody889 Ratke343","Female","fall river","PROVIDER"
"131","Hong136 Kassulke119","Female","worcester","PROVIDER"
"132","Fae378 Wiza601","Female","leominster","PROVIDER"
"133","Melvin857 Nikolaus26","Male","leominster","PROVIDER"
"134","January966 Roberts511","Female","weymouth","PROVIDER"
"135","Jess275 Gutmann970","Male","wakefield","PROVIDER"
"136","Randy380 Bergstrom287","Female","hyannis","PROVIDER"
"137","Dusty207 Lynch190","Female","raynham","PROVIDER"
"138","Errol226 Kiehn525","Male","wareham","PROVIDER"
"139","Agnes294 Dooley940","Female","fall river","PROVIDER"
"140","Jonathan639 Sporer811","Male","byfield","PROVIDER"
"141","Arminda86 Trantow673","Female","charlton","PROVIDER"
"142","Gerardo48 Bergstrom287","Male","attleboro","PROVIDER"
"143","Almeta56 Lehner980","Female","greenfield","PROVIDER"
"144","Silva841 Grimes165","Female","newburyport","PROVIDER"
"145","Derick144 King743","Male","fall river","PROVIDER"
"146","Latoria810 Eichmann909","Female","pittsfield","PROVIDER"
"147","Lanette41 Murray856","Female","west roxbury","PROVIDER"
"148","Elijah719 White193","Male","melrose","PROVIDER"
"149","Cleo27 Lehner980","Male","worcester","PROVIDER"
"150","Allyson474 Doyle959","Female","west yarmouth","PROVIDER"
"151","Maryann106 Hintz995","Female","pittsfield","PROVIDER"
"152","Lady554 Kovacek682","Female","lynn","PROVIDER"
"153","Norah104 Jenkins714","Female","waltham","PROVIDER"
"154","Jewel43 Kassulke119","Male","attleboro","PROVIDER"
"155","Charley358 Effertz744","Male","northampton","PROVIDER"
"156","Roberto515 Macías944","Male","hanover","PROVIDER"
"157","Nathanael908 Rogahn59","Male","worcester","PROVIDER"
"158","Luna60 Littel644","Female","framingham","PROVIDER"
"159","Darrick836 Hoppe518","Male","fitchburg","PROVIDER"
"160","Mateo562 Barajas558","Male","fitchburg","PROVIDER"
"161","Levi940 Abbott774","Male","worcester","PROVIDER"
"162","Erwin847 Stiedemann542","Male","north dartmouth","PROVIDER"
"163","Olevia458 Hermiston71","Female","taunton","PROVIDER"
"164","Elisha578 Conn188","Male","peabody","PROVIDER"
"165","Guillermo498 Fay398","Male","norwood","PROVIDER"
"166","Carmelita854 Tromp100","Female","brookline","PROVIDER"
"167","Laurena366 Anderson154","Female","dartmouth","PROVIDER"
"168","Quentin28 Fritsch593","Male","chicopee","PROVIDER"
"169","Josefina523 O'Connell601","Female","medfield","PROVIDER"
"170","Patrina117 Strosin214","Female","waltham","PROVIDER"
"171","Delbert384 Carter549","Male","lynn","PROVIDER"
"172","Sharron285 Okuneva707","Female","milford","PROVIDER"
"173","Darlene91 Collier206","Female","wrentham","PROVIDER"
"174","Gene733 Ratke343","Male","newton","PROVIDER"
"175","Sasha806 D'Amore443","Female","ayer","PROVIDER"
"176","Estell607 Barton704","Female","roslindale","PROVIDER"
"177","Sid118 Hammes673","Male","abington","PROVIDER"
"178","Jeanie708 Turner526","Female","franklin","PROVIDER"
"179","Rayford811 Bashirian201","Male","gardner","PROVIDER"
"180","Dana512 Wilkinson796","Female","springfield","PROVIDER"
"181","Maude482 Veum823","Female","fall river","PROVIDER"
"182","Abdul218 Boyer713","Male","needham","PROVIDER"
"183","Cedrick207 Gleason633","Male","wellesley","PROVIDER"
"184","Annelle169 Schmidt332","Female","brighton","PROVIDER"
"185","Sam879 Rippin620","Female","upton","PROVIDER"
"186","Jorge203 Harvey63","Male","auburn","PROVIDER"
"187","Saul605 Ratke343","Male","middleton","PROVIDER"
"188","Madelaine318 Walker122","Female","salem","PROVIDER"
"189","Virgen207 Hyatt152","Female","stoneham","PROVIDER"
"190","Ellyn26 Windler79","Female","framingham","PROVIDER"
"191","Tracie996 Lesch175","Female","newburyport","PROVIDER"
"192","Shayne60 Gutmann970","Male","south yarmouth","PROVIDER"
"193","Brooks264 Williamson769","Male","hyannis","PROVIDER"
"194","Kristopher775 Schiller186","Male","hopkinton","PROVIDER"
"195","Felicidad691 Luettgen772","Female","lakeville","PROVIDER"
"196","Tracy345 Wilderman619","Male","woburn","PROVIDER"
"197","Vern731 Casper496","Male","swampscott","PROVIDER"
"198","Ellie521 Nicolas769","Female","greenfield","PROVIDER"
"199","Rosanna866 DuBuque211","Female","wilbraham","PROVIDER"
"200","Leonarda398 Schumm995","Female","framingham","PROVIDER"
"201","Drew592 Streich926","Male","worcester","PROVIDER"
"202","Harland508 Breitenberg711","Male","rockland","PROVIDER"
"203","Justin359 Hayes766","Male","fall river","PROVIDER"
"204","Daniel959 Wolff180","Male","boston","PROVIDER"
"205","Kati243 Ruecker817","Female","waltham","PROVIDER"
"206","Louis204 Hauck852","Male","lynn","PROVIDER"
"207","Antonia30 Elizondo706","Female","worcester","PROVIDER"
"208","Kareem959 Schaefer657","Male","newburyport","PROVIDER"
"209","Laine739 Torphy630","Female","holliston","PROVIDER"
"210","Elmer371 Gusikowski974","Male","charlestown","PROVIDER"
"211","Cortez851 Price929","Male","waltham","PROVIDER"
"212","Parker433 Bailey598","Male","fall river","PROVIDER"
"213","Freeda113 Crooks415","Female","milford","PROVIDER"
"214","Jacinta658 Wintheiser220","Female","yarmouth port","PROVIDER"
"215","Christopher407 Fisher429","Male","danvers","PROVIDER"
"216","Dante562 Reinger292","Male","auburndale","PROVIDER"
"217","Marcelino726 Hilpert278","Male","newton","PROVIDER"
"218","Anderson154 Lemke654","Male","hanover","PROVIDER"
"219","Kim439 Hyatt152","Male","cambridge","PROVIDER"
"220","Houston994 Funk324","Male","brockton","PROVIDER"
"221","Rocky100 Schmeler639","Male","cambridge","PROVIDER"
"222","Nevada145 Schmeler639","Female","mashpee","PROVIDER"
