"","NAME","GENDER"
"1","Ted955 Reilly981","M"
"2","Barbara209 Maldonado119","F"
"3","Gisele901 Lehner980","F"
"4","Vella930 Ankunding277","F"
"5","Precious140 Runolfsson901","F"
"6","Fernande593 Mosciski958","F"
"7","Jolie499 Parisian75","F"
"8","Archie818 McCullough561","M"
"9","Maxima831 Fahey393","F"
"10","Bok974 Howe413","F"
"11","Mickey576 Borer986","F"
"12","Laverna97 Rippin620","F"
"13","Concha418 Mann644","F"
"14","Margene509 Schamberger479","F"
"15","Óscar156 Zaragoza109","M"
"16","Jean712 Block661","F"
"17","Delmer311 Nolan344","M"
"18","Shasta644 King743","F"
"19","Jamal145 Stroman228","M"
"20","Carolynn568 Von197","F"
"21","Royce974 Kohler843","F"
"22","Verda448 Bahringer146","F"
"23","Sulema841 Ryan260","F"
"24","Brian582 Cummerata161","M"
"25","Ferdinand55 Moen819","M"
"26","Pablo44 Solís294","M"
"27","Zachery872 Pagac496","M"
"28","Colin861 Witting912","M"
"29","Zachery872 Rau926","M"
"30","Omer483 Koepp521","M"
"31","Damian46 Hansen121","M"
"32","Gerry91 Block661","F"
"33","Georgetta870 Turner526","F"
"34","Michel472 Zulauf375","M"
"35","Erasmo545 Crooks415","M"
"36","Sharron285 Batz141","F"
"37","Lucien408 Howe413","M"
"38","Johna806 Klein929","F"
"39","Denis399 Kohler843","M"
"40","Leif534 Dare640","M"
"41","Jack927 Rippin620","M"
"42","Waylon572 Lakin515","M"
"43","Danelle47 Ondricka197","F"
"44","Joanna347 Abbott774","F"
"45","Miyoko154 Paucek755","F"
"46","Eleni953 Franecki195","F"
"47","Rosemarie149 Gutmann970","F"
"48","Violette536 Halvorson124","F"
"49","Greg949 Hilll811","M"
"50","Abdul218 White193","M"
"51","Dee580 Schuster709","M"
"52","Kathlene786 Satterfield305","F"
"53","Georgianne697 Howe413","F"
"54","Zackary401 Mohr916","M"
"55","Cleveland582 Kuphal363","M"
"56","Booker670 Casper496","M"
"57","Olympia319 Bradtke547","F"
"58","Ilene33 Greenholt190","F"
"59","Alan320 West559","M"
"60","Elma843 McCullough561","F"
"61","Carla633 Cisneros174","F"
"62","Leah288 Sauer652","F"
"63","Victoria535 Delvalle807","F"
"64","Amado512 Adams676","M"
"65","Kathryn101 Donnelly343","F"
"66","Latrisha74 Rippin620","F"
"67","Octavio643 Prosacco716","M"
"68","Claudio955 Bruen238","M"
"69","Alvin56 Crona259","M"
"70","Beatriz277 Monroy712","F"
"71","Chris95 Haag279","M"
"72","Orpha286 Marks830","F"
"73","Duncan491 Halvorson124","M"
"74","Elmer371 Kutch271","F"
"75","Megan108 Dickens475","F"
"76","Paulene52 Kihn564","F"
"77","Rhett759 Padberg411","M"
"78","Benedict104 Barrows492","M"
"79","Delicia67 Bernhard322","F"
"80","Carla633 Cano735","F"
"81","Shemeka786 Conn188","F"
"82","Ricky354 Renner328","M"
"83","Hellen346 Roberts511","F"
"84","Carson894 Krajcik437","M"
"85","Bettina657 Marquardt819","F"
"86","Kirby843 McKenzie376","M"
"87","Matha641 Gerhold939","F"
"88","Shanita956 Wolff180","F"
"89","Karey608 Torp761","F"
"90","Cira533 Hane680","F"
"91","Irene779 Garza151","F"
"92","Man114 Balistreri607","M"
"93","Julio255 Calvillo618","M"
"94","Rudolf736 Vandervort697","M"
"95","Monte325 Parisian75","M"
"96","Otis335 Dickens475","M"
"97","Winston220 McCullough561","M"
"98","Robert854 Nicolas769","M"
"99","Henry768 Ebert178","M"
"100","Zachary28 Gleichner915","M"
"101","Stella203 Hammes673","F"
"102","Shaun461 Jast432","M"
"103","Velda682 Gutmann970","F"
"104","Cristi782 Leannon79","F"
"105","Maricruz991 Considine820","F"
"106","Shaquita282 Graham902","F"
"107","Harlan808 Langosh790","M"
"108","Nannie905 Mayert710","F"
"109","Tyler508 Ferry570","M"
"110","Althea11 Ankunding277","F"
"111","Eugenio846 Streich926","M"
"112","Myrle831 D'Amore443","F"
"113","Bea654 Daniel959","F"
"114","Chris95 Kub800","F"
"115","Tereasa291 Mueller846","F"
"116","Hyman89 Schmeler639","M"
"117","Tanner110 Roob72","M"
"118","Kai187 Mann644","F"
"119","Domonique463 Satterfield305","F"
"120","Antonette454 Tromp100","F"
"121","Lizeth852 Ernser583","F"
"122","Blanca837 Oquendo599","F"
"123","Araceli695 Willms744","F"
"124","Ross213 Wisozk929","M"
"125","Valentine262 Leannon79","M"
"126","Renato359 Kertzmann286","M"
"127","Sharyl439 Williamson769","F"
"128","Lamar193 Daniel959","M"
"129","Lynsey2 Lemke654","F"
"130","Vito638 Barton704","M"
"131","Majorie11 Bergstrom287","F"
"132","Walton167 Turner526","M"
"133","Kandi717 Beahan375","F"
"134","Nerissa37 Hahn503","F"
"135","Thomas756 Strosin214","M"
"136","Sunni15 Schroeder447","F"
"137","Tyron580 Reinger292","M"
"138","Frederic454 Larkin917","M"
"139","Terrence276 Kiehn525","M"
"140","Ronald408 Huels583","M"
"141","Eustolia154 Paucek755","F"
"142","Landon622 Kihn564","M"
"143","Mozell819 Prohaska837","F"
"144","Marisol435 Cedillo160","F"
"145","Caryl47 Bernier607","F"
"146","Neville893 Schoen8","M"
"147","Merrilee429 Daugherty69","F"
"148","Phillip440 Kunze215","M"
"149","Natividad796 Davis923","F"
"150","Jeromy156 Okuneva707","M"
"151","Eliseo499 Reinger292","M"
"152","Carlton317 Koch169","M"
"153","Margaret865 Reinger292","F"
"154","Luvenia178 Breitenberg711","F"
"155","Imogene688 Braun514","F"
"156","Lorie307 Grady603","F"
"157","Reggie481 Kassulke119","M"
"158","January966 Roberts511","F"
"159","Vince741 Morissette863","M"
"160","Mckinley734 Rodriguez71","M"
"161","María Soledad68 González124","F"
"162","Randy380 Bergstrom287","F"
"163","Marshall526 Lynch190","M"
"164","Cathey606 Kiehn525","F"
"165","Lyndon118 Trantow673","M"
"166","Linette249 Runte676","F"
"167","Pearline482 Pagac496","F"
"168","Evangeline16 Howe413","F"
"169","Carroll471 Eichmann909","M"
"170","Kellee902 Buckridge80","F"
"171","Antwan357 Lindgren255","M"
"172","Elijah719 White193","M"
"173","Ray930 Lueilwitz711","M"
"174","Ashlyn643 Lehner980","F"
"175","Maryann106 Hintz995","F"
"176","Donya787 Emmerich580","F"
"177","Lady554 Kovacek682","F"
"178","Kathe603 Davis923","F"
"179","Jerónimo599 Alba338","M"
"180","Monty345 Ferry570","M"
"181","Marshall526 Jenkins714","M"
"182","Silvia880 Howe413","F"
"183","Jean712 Koelpin146","F"
"184","Kendra609 Kassulke119","F"
"185","Dylan44 Robel940","M"
"186","Roberto515 Macías944","M"
"187","Veronika907 Rogahn59","F"
"188","Clora637 Pagac496","F"
"189","Jessie665 Pagac496","M"
"190","Sheldon401 Hoeger474","M"
"191","Margarita164 Abbott774","F"
"192","Mathilde204 Wintheiser220","F"
"193","Irina619 Stiedemann542","F"
"194","Isiah14 Schaefer657","M"
"195","Guillermo498 Fay398","M"
"196","Pamelia915 Kilback373","F"
"197","Rosaria177 Volkman526","F"
"198","Obdulia648 Schroeder447","F"
"199","Elvin140 Marks830","M"
"200","Mickey576 Gerlach374","M"
"201","Rod343 Goyette777","M"
"202","Leland44 Bernier607","M"
"203","Carmelita854 Tromp100","F"
"204","Jerrell6 Rippin620","M"
"205","Quentin28 Fritsch593","M"
"206","Patrina117 Strosin214","F"
"207","Emerita401 Satterfield305","F"
"208","Javier97 Collier206","M"
"209","Mariano761 Pagan507","M"
"210","Emilio417 Barton704","M"
"211","Esperanza675 Zepeda235","F"
"212","Leopoldo762 Keebler762","M"
"213","Brock407 VonRueden376","M"
"214","Tynisha348 Bogisich202","F"
"215","Charlena802 Lockman863","F"
"216","Refugio197 Crooks415","M"
"217","Georgeanna785 Schulist381","F"
"218","France571 Feil794","F"
"219","Vince741 Schmidt332","M"
"220","Sam879 Rippin620","F"
"221","Floy720 Greenfelder433","F"
"222","Hank686 Schneider199","M"
"223","Madelaine318 Walker122","F"
"224","Clarence5 Hyatt152","M"
"225","Robert854 Klein929","M"
"226","Tracie996 Lesch175","F"
"227","Dion244 Sanford861","M"
"228","Lashanda692 Gutmann970","F"
"229","Anh979 Schroeder447","F"
"230","Brooks264 Williamson769","M"
"231","Kristopher775 Schiller186","M"
"232","Yesenia104 Wilderman619","F"
"233","Andy346 Dare640","M"
"234","Shelli447 Schowalter414","F"
"235","Pedro316 Ozuna605","M"
"236","Nickolas58 Schumm995","M"
"237","Jacque955 Streich926","F"
"238","Ivonne773 Turcotte120","F"
"239","Lita714 White193","F"
"240","Malka46 Gerhold939","F"
"241","Amparo58 Hayes766","F"
"242","Sharilyn202 Wolff180","F"
"243","Moshe758 Stamm704","M"
"244","Paris331 Ruecker817","M"
"245","Britt177 Schmitt836","M"
"246","Wilhemina814 Lesch175","F"
"247","Caroline183 Lang846","F"
"248","Cira533 Jakubowski832","F"
"249","Wes853 Torphy630","M"
"250","Duane703 Bosco882","M"
"251","Elmer371 Gusikowski974","M"
"252","Sallie654 Jast432","F"
"253","Peter292 Cartwright189","M"
"254","Brendan864 Cremin516","M"
"255","Kyoko885 Price929","F"
"256","Boris111 Romaguera67","M"
"257","Kathi607 Hilpert278","F"
"258","Blanche121 Bailey598","F"
"259","Lincoln623 Block661","M"
"260","Freeda113 Crooks415","F"
"261","Alta896 Pfannerstill264","F"
"262","Burton124 Schoen8","M"
"263","Rutha66 Bergstrom287","F"
"264","Shella455 Reichel38","F"
"265","José María211 Carrasco324","M"
"266","Chad48 Weissnat378","M"
"267","Leonie332 Wunsch504","F"
"268","Greta919 Reinger292","F"
"269","Chang901 Kutch271","M"
"270","Malcolm243 Strosin214","M"
"271","Jamie386 Krajcik437","M"
"272","Jim478 Goyette777","M"
"273","María Eugenia578 Rentería94","F"
"274","Abraham100 McDermott739","M"
"275","Lakenya863 Hilpert278","F"
"276","Anderson154 Lemke654","M"
"277","Fawn386 Hettinger594","F"
"278","Hermelinda327 Hyatt152","F"
"279","Houston994 Funk324","M"
